{
  "resource types": [
    "food",
    "stone",
    "wood",
    "planks",
    "ore",
    "metal"
  ],
  "width": 50,
  "height": 20,
  "birth rate": 0.018,
  "death rate": 0.005,
  "death rate starving": 0.08,
  "death rate winter": 0.022,
  "building properties": [
    {
      "name": "tent",
      "warmth": 0.0,
      "max residents": 3,
      "max workers": 0,
      "min req workers": 0,
      "requirements": [],
      "placement rule": [],
      "max rsc output": 0,
      "consumption generation": [],
      "active generation": [],
      "storage": []
    },
    {
      "name": "wood shelter",
      "warmth": 0.3,
      "max residents": 3,
      "max workers": 0,
      "min req workers": 0,
      "requirements": [
        {
          "resource": "wood",
          "amount": 40
        }
      ],
      "placement rule": [],
      "max rsc output": 0,
      "consumption generation": [],
      "active generation": [],
      "storage": []
    },
    {
      "name": "log cabin",
      "warmth": 0.7,
      "max residents": 5,
      "max workers": 0,
      "min req workers": 0,
      "requirements": [
        {
          "resource": "wood",
          "amount": 60
        },
        {
          "resource": "planks",
          "amount": 30
        }
      ],
      "placement rule": [],
      "max rsc output": 0,
      "consumption generation": [],
      "active generation": [],
      "storage": []
    },
    {
      "name": "castle",
      "warmth": 1.0,
      "max residents": 10,
      "max workers": 0,
      "min req workers": 0,
      "requirements": [
        {
          "resource": "stone",
          "amount": 250
        },
        {
          "resource": "wood",
          "amount": 200
        },
        {
          "resource": "metal",
          "amount": 50
        }
      ],
      "placement rule": [],
      "max rsc output": 0,
      "consumption generation": [],
      "active generation": [],
      "storage": []
    },
    {
      "name": "quarry",
      "warmth": 0.0,
      "max residents": 0,
      "max workers": 7,
      "min req workers": 1,
      "requirements": [
        {
          "resource": "wood",
          "amount": 25
        }
      ],
      "placement rule": [
        {
          "type": "on",
          "tile": "mountain"
        }
      ],
      "max rsc output": 4,
      "consumption generation": [],
      "active generation": [
        {
          "resource": "stone",
          "output": 1
        }
      ],
      "storage": []
    },
    {
      "name": "mine",
      "warmth": 0.0,
      "max residents": 0,
      "max workers": 8,
      "min req workers": 3,
      "requirements": [
        {
          "resource": "wood",
          "amount": 50
        },
        {
          "resource": "stone",
          "amount": 25
        }
      ],
      "placement rule": [
        {
          "type": "on",
          "tile": "mountain"
        }
      ],
      "max rsc output": 5,
      "consumption generation": [],
      "active generation": [
        {
          "resource": "ore",
          "output": 1
        }
      ],
      "storage": []
    },
    {
      "name": "tree farm",
      "warmth": 0.0,
      "max residents": 0,
      "max workers": 7,
      "min req workers": 2,
      "requirements": [
        {
          "resource": "stone",
          "amount": 25
        }
      ],
      "placement rule": [
        {
          "type": "on",
          "tile": "forest"
        }
      ],
      "max rsc output": 3,
      "consumption generation": [],
      "active generation": [
        {
          "resource": "wood",
          "output": 1
        }
      ],
      "storage": []
    },
    {
      "name": "forge",
      "warmth": 0.0,
      "max residents": 0,
      "max workers": 6,
      "min req workers": 2,
      "requirements": [
        {
          "resource": "stone",
          "amount": 75
        },
        {
          "resource": "wood",
          "amount": 50
        }
      ],
      "placement rule": [],
      "max rsc output": 7,
      "consumption generation": [
        {
          "input resource": "ore",
          "input amount": 5,
          "output resource": "metal",
          "output amount": 1
        }
      ],
      "active generation": [],
      "storage": []
    },
    {
      "name": "sawmill",
      "warmth": 0.0,
      "max residents": 0,
      "max workers": 7,
      "min req workers": 2,
      "requirements": [
        {
          "resource": "metal",
          "amount": 10
        },
        {
          "resource": "wood",
          "amount": 50
        },
        {
          "resource": "stone",
          "amount": 35
        }
      ],
      "placement rule": [],
      "max rsc output": 5,
      "consumption generation": [
        {
          "input resource": "wood",
          "input amount": 8,
          "output resource": "planks",
          "output amount": 2
        }
      ],
      "active generation": [],
      "storage": []
    },
    {
      "name": "fishing dock",
      "warmth": 0.0,
      "max residents": 0,
      "max workers": 3,
      "min req workers": 1,
      "requirements": [
        {
          "resource": "metal",
          "amount": 25
        },
        {
          "resource": "planks",
          "amount": 15
        }
      ],
      "placement rule": [
        {
          "type": "next",
          "tile": "water"
        }
      ],
      "max rsc output": 13,
      "consumption generation": [],
      "active generation": [
        {
          "resource": "food",
          "output": 6
        }
      ],
      "storage": []
    },
    {
      "name": "farm",
      "warmth": 0.2,
      "max residents": 0,
      "max workers": 4,
      "min req workers": 2,
      "requirements": [
        {
          "resource": "food",
          "amount": 10
        }
      ],
      "placement rule": [
        {
          "type": "on",
          "tile": "grass"
        }
      ],
      "max rsc output": 8,
      "consumption generation": [],
      "active generation": [
        {
          "resource": "food",
          "output": 2
        }
      ],
      "storage": []
    }
  ]
}