{
    "world name": "Camlished Testing",
    "turn id":3,
    "resources":[
        {
            "name":"food",
            "amount":37
        },
        {
            "name":"wood",
            "amount":40
        },
        {
            "name":"ore",
            "amount":2
        },
        {
            "name":"metal",
            "amount":6
        },
        {
            "name":"planks",
            "amount":11
        }
    ],
    "buildings":[
        {
            "building type":"fishing dock",
            "x coordinate":6,
            "y coordinate":1,
            "workers":[

            ],
            "residents":[

            ]
        },
        {
            "building type":"tree farm",
            "x coordinate":6,
            "y coordinate":4,
            "workers":[
                "chris hansen",
                "sally hansen"
            ],
            "residents":[]
        },
        {
            "building type":"forge",
            "x coordinate":3,
            "y coordinate":1,
            "workers":[  
            ],
            "residents":[
                "sam",
                "alex",
                "crab",
                "drake"
            ]
        },
        {
            "building type":"fishing dock",
            "x coordinate":1,
            "y coordinate":8,
            "workers":[

            ],
            "residents":[

            ]
        },
        {
            "building type":"tent",
            "x coordinate":5,
            "y coordinate":6,
            "workers":[

            ],
            "residents":[
                "john doe",
                "jane doe"
            ]
        },
        {
            "building type":"tent",
            "x coordinate":7,
            "y coordinate":5,
            "workers":[

            ],
            "residents":[
                "martha"
            ]
        },
        {
            "building type":"sawmill",
            "x coordinate":3,
            "y coordinate":2,
            "workers":[
                "john doe",
                "martha"
            ],
            "residents":[

            ]
        },
        {
            "building type":"log cabin",
            "x coordinate":8,
            "y coordinate":2,
            "workers":[],
            "residents":[]
        }
    ],
    "tiles":[
        {
            "tile type":"water",
            "x coordinate":1,
            "y coordinate":0
        },
        {
            "tile type":"water",
            "x coordinate":1,
            "y coordinate":1
        },
        {
            "tile type":"water",
            "x coordinate":1,
            "y coordinate":2
        },
        {
            "tile type":"water",
            "x coordinate":2,
            "y coordinate":2
        },
        {
            "tile type":"water",
            "x coordinate":2,
            "y coordinate":3
        },
        {
            "tile type":"water",
            "x coordinate":2,
            "y coordinate":4
        },
        {
            "tile type":"water",
            "x coordinate":3,
            "y coordinate":5
        },
        {
            "tile type":"water",
            "x coordinate":3,
            "y coordinate":6
        },
        {
            "tile type":"water",
            "x coordinate":4,
            "y coordinate":7
        },
        {
            "tile type":"water",
            "x coordinate":5,
            "y coordinate":7
        },
        {
            "tile type":"water",
            "x coordinate":6,
            "y coordinate":8
        },
        {
            "tile type":"water",
            "x coordinate":7,
            "y coordinate":8
        },
        {
            "tile type":"water",
            "x coordinate":8,
            "y coordinate":8
        },
        {
            "tile type":"water",
            "x coordinate":9,
            "y coordinate":8
        },
        {
            "tile type":"forest",
            "x coordinate":5,
            "y coordinate":6
        },
        {
            "tile type":"forest",
            "x coordinate":6,
            "y coordinate":6
        },
        {
            "tile type":"forest",
            "x coordinate":7,
            "y coordinate":6
        },
        {
            "tile type":"forest",
            "x coordinate":6,
            "y coordinate":5
        },
        {
            "tile type":"forest",
            "x coordinate":5,
            "y coordinate":5
        },
        {
            "tile type":"forest",
            "x coordinate":4,
            "y coordinate":5
        },
        {
            "tile type":"forest",
            "x coordinate":5,
            "y coordinate":4
        },
        {
            "tile type":"forest",
            "x coordinate":6,
            "y coordinate":4
        },
        {
            "tile type":"mountain",
            "x coordinate":3,
            "y coordinate":3
        }
    ]
}
